{
  "num_runs": 1,
  "model": "gemma2:27b",
  "intent_accuracy_mean": 82.5,
  "intent_accuracy_std": 0.0,
  "parameter_accuracy_mean": 89.16666666666667,
  "parameter_accuracy_std": 0.0,
  "response_quality_mean": 98.33333333333333,
  "response_quality_std": 0.0,
  "avg_latency_mean": 6258.003767331441,
  "avg_latency_std": 0.0,
  "p50_latency_mean": 5748.816728591919,
  "p50_latency_std": 0.0,
  "p95_latency_mean": 11397.667539119719,
  "p95_latency_std": 0.0,
  "p99_latency_mean": 15268.603229522707,
  "p99_latency_std": 0.0,
  "latency_decomposition_mean": {
    "llm_inference_ms": 5530.681909140894,
    "embedding_ms": 0.0,
    "vector_search_ms": 0.9724730152194783,
    "response_format_ms": 0.0012405848099013507,
    "total_ms": 6213.823783195625,
    "other_ms": 680.6456052650838,
    "rados_io_ms": 1.5225551896176095
  },
  "latency_decomposition_std": {
    "llm_inference_ms": 0.0,
    "embedding_ms": 0.0,
    "vector_search_ms": 0.0,
    "response_format_ms": 0.0,
    "total_ms": 0.0,
    "other_ms": 0.0,
    "rados_io_ms": 0.0
  },
  "category_accuracies": {
    "complex": {
      "mean": 50.0,
      "std": 0.0
    },
    "ambiguous": {
      "mean": 90.0,
      "std": 0.0
    },
    "stats": {
      "mean": 87.5,
      "std": 0.0
    },
    "cluster": {
      "mean": 95.0,
      "std": 0.0
    },
    "edge_cases": {
      "mean": 83.33333333333334,
      "std": 0.0
    },
    "documentation": {
      "mean": 20.0,
      "std": 0.0
    },
    "delete": {
      "mean": 100.0,
      "std": 0.0
    },
    "read": {
      "mean": 100.0,
      "std": 0.0
    },
    "search": {
      "mean": 66.66666666666666,
      "std": 0.0
    },
    "write": {
      "mean": 100.0,
      "std": 0.0
    }
  },
  "individual_runs": [
    {
      "run_id": 1,
      "total_tests": 120,
      "passed_tests": 97,
      "intent_accuracy": 82.5,
      "parameter_accuracy": 89.16666666666667,
      "response_quality": 98.33333333333333,
      "avg_latency_ms": 6258.003767331441,
      "p50_latency_ms": 5748.816728591919,
      "p95_latency_ms": 11397.667539119719,
      "p99_latency_ms": 15268.603229522707,
      "latency_decomposition": {
        "llm_inference_ms": 5530.681909140894,
        "embedding_ms": 0.0,
        "vector_search_ms": 0.9724730152194783,
        "rados_io_ms": 1.5225551896176095,
        "response_format_ms": 0.0012405848099013507,
        "total_ms": 6213.823783195625,
        "other_ms": 680.6456052650838
      },
      "category_results": {
        "search": {
          "total": 15,
          "passed": 10,
          "intent_correct": 12,
          "avg_latency_ms": 7684.021218617757,
          "accuracy": 66.66666666666666
        },
        "read": {
          "total": 15,
          "passed": 15,
          "intent_correct": 15,
          "avg_latency_ms": 5516.602595647176,
          "accuracy": 100.0
        },
        "write": {
          "total": 12,
          "passed": 12,
          "intent_correct": 12,
          "avg_latency_ms": 6934.326966603597,
          "accuracy": 100.0
        },
        "delete": {
          "total": 8,
          "passed": 8,
          "intent_correct": 8,
          "avg_latency_ms": 5784.354507923126,
          "accuracy": 100.0
        },
        "stats": {
          "total": 8,
          "passed": 7,
          "intent_correct": 7,
          "avg_latency_ms": 4166.843384504318,
          "accuracy": 87.5
        },
        "cluster": {
          "total": 20,
          "passed": 19,
          "intent_correct": 19,
          "avg_latency_ms": 5169.788777828217,
          "accuracy": 95.0
        },
        "documentation": {
          "total": 10,
          "passed": 2,
          "intent_correct": 2,
          "avg_latency_ms": 11973.528480529785,
          "accuracy": 20.0
        },
        "complex": {
          "total": 10,
          "passed": 5,
          "intent_correct": 5,
          "avg_latency_ms": 6571.299886703491,
          "accuracy": 50.0
        },
        "ambiguous": {
          "total": 10,
          "passed": 9,
          "intent_correct": 9,
          "avg_latency_ms": 4016.807460784912,
          "accuracy": 90.0
        },
        "edge_cases": {
          "total": 12,
          "passed": 10,
          "intent_correct": 10,
          "avg_latency_ms": 5093.121190865834,
          "accuracy": 83.33333333333334
        }
      }
    }
  ]
}