{
  "num_runs": 1,
  "model": "qwen2.5:32b",
  "intent_accuracy_mean": 86.66666666666667,
  "intent_accuracy_std": 0.0,
  "parameter_accuracy_mean": 92.5,
  "parameter_accuracy_std": 0.0,
  "response_quality_mean": 98.33333333333333,
  "response_quality_std": 0.0,
  "avg_latency_mean": 13488.80686958631,
  "avg_latency_std": 0.0,
  "p50_latency_mean": 10606.042623519897,
  "p50_latency_std": 0.0,
  "p95_latency_mean": 36845.63601016996,
  "p95_latency_std": 0.0,
  "p99_latency_mean": 51988.50198030473,
  "p99_latency_std": 0.0,
  "latency_decomposition_mean": {
    "llm_inference_ms": 10854.639584735289,
    "other_ms": 2525.2579854706582,
    "total_ms": 13382.514430304705,
    "embedding_ms": 0.0,
    "response_format_ms": 0.0013436301279876192,
    "rados_io_ms": 1.607911061432402,
    "vector_search_ms": 1.0076054071975966
  },
  "latency_decomposition_std": {
    "llm_inference_ms": 0.0,
    "other_ms": 0.0,
    "total_ms": 0.0,
    "embedding_ms": 0.0,
    "response_format_ms": 0.0,
    "rados_io_ms": 0.0,
    "vector_search_ms": 0.0
  },
  "category_accuracies": {
    "search": {
      "mean": 73.33333333333333,
      "std": 0.0
    },
    "write": {
      "mean": 100.0,
      "std": 0.0
    },
    "cluster": {
      "mean": 95.0,
      "std": 0.0
    },
    "ambiguous": {
      "mean": 80.0,
      "std": 0.0
    },
    "documentation": {
      "mean": 70.0,
      "std": 0.0
    },
    "edge_cases": {
      "mean": 75.0,
      "std": 0.0
    },
    "delete": {
      "mean": 100.0,
      "std": 0.0
    },
    "read": {
      "mean": 100.0,
      "std": 0.0
    },
    "stats": {
      "mean": 75.0,
      "std": 0.0
    },
    "complex": {
      "mean": 60.0,
      "std": 0.0
    }
  },
  "individual_runs": [
    {
      "run_id": 1,
      "total_tests": 120,
      "passed_tests": 101,
      "intent_accuracy": 86.66666666666667,
      "parameter_accuracy": 92.5,
      "response_quality": 98.33333333333333,
      "avg_latency_ms": 13488.80686958631,
      "p50_latency_ms": 10606.042623519897,
      "p95_latency_ms": 36845.63601016996,
      "p99_latency_ms": 51988.50198030473,
      "latency_decomposition": {
        "llm_inference_ms": 10854.639584735289,
        "embedding_ms": 0.0,
        "vector_search_ms": 1.0076054071975966,
        "rados_io_ms": 1.607911061432402,
        "response_format_ms": 0.0013436301279876192,
        "total_ms": 13382.514430304705,
        "other_ms": 2525.2579854706582
      },
      "category_results": {
        "search": {
          "total": 15,
          "passed": 11,
          "intent_correct": 13,
          "avg_latency_ms": 12435.869264602661,
          "accuracy": 73.33333333333333
        },
        "read": {
          "total": 15,
          "passed": 15,
          "intent_correct": 15,
          "avg_latency_ms": 10393.31514040629,
          "accuracy": 100.0
        },
        "write": {
          "total": 12,
          "passed": 12,
          "intent_correct": 12,
          "avg_latency_ms": 13037.200570106506,
          "accuracy": 100.0
        },
        "delete": {
          "total": 8,
          "passed": 8,
          "intent_correct": 8,
          "avg_latency_ms": 10436.235338449478,
          "accuracy": 100.0
        },
        "stats": {
          "total": 8,
          "passed": 6,
          "intent_correct": 6,
          "avg_latency_ms": 9105.442881584167,
          "accuracy": 75.0
        },
        "cluster": {
          "total": 20,
          "passed": 19,
          "intent_correct": 19,
          "avg_latency_ms": 9470.17753124237,
          "accuracy": 95.0
        },
        "documentation": {
          "total": 10,
          "passed": 7,
          "intent_correct": 8,
          "avg_latency_ms": 40799.02534484863,
          "accuracy": 70.0
        },
        "complex": {
          "total": 10,
          "passed": 6,
          "intent_correct": 6,
          "avg_latency_ms": 14252.171111106873,
          "accuracy": 60.0
        },
        "ambiguous": {
          "total": 10,
          "passed": 8,
          "intent_correct": 8,
          "avg_latency_ms": 9606.217908859253,
          "accuracy": 80.0
        },
        "edge_cases": {
          "total": 12,
          "passed": 9,
          "intent_correct": 9,
          "avg_latency_ms": 10621.794283390045,
          "accuracy": 75.0
        }
      }
    }
  ]
}