{
  "num_runs": 1,
  "model": "qwen2.5:32b",
  "intent_accuracy_mean": 85.83333333333333,
  "intent_accuracy_std": 0.0,
  "parameter_accuracy_mean": 91.66666666666666,
  "parameter_accuracy_std": 0.0,
  "response_quality_mean": 98.33333333333333,
  "response_quality_std": 0.0,
  "avg_latency_mean": 14795.379517475763,
  "avg_latency_std": 0.0,
  "p50_latency_mean": 11583.248734474182,
  "p50_latency_std": 0.0,
  "p95_latency_mean": 40931.128537654855,
  "p95_latency_std": 0.0,
  "p99_latency_mean": 54953.29945325852,
  "p99_latency_std": 0.0,
  "latency_decomposition_mean": {
    "embedding_ms": 0.0,
    "llm_inference_ms": 11890.116952233395,
    "other_ms": 2793.180932432919,
    "response_format_ms": 0.001089047577421544,
    "rados_io_ms": 1.6867851806899248,
    "total_ms": 14687.89463528132,
    "vector_search_ms": 2.90887638673944
  },
  "latency_decomposition_std": {
    "embedding_ms": 0.0,
    "llm_inference_ms": 0.0,
    "other_ms": 0.0,
    "response_format_ms": 0.0,
    "rados_io_ms": 0.0,
    "total_ms": 0.0,
    "vector_search_ms": 0.0
  },
  "category_accuracies": {
    "read": {
      "mean": 100.0,
      "std": 0.0
    },
    "delete": {
      "mean": 100.0,
      "std": 0.0
    },
    "cluster": {
      "mean": 95.0,
      "std": 0.0
    },
    "stats": {
      "mean": 75.0,
      "std": 0.0
    },
    "search": {
      "mean": 73.33333333333333,
      "std": 0.0
    },
    "documentation": {
      "mean": 70.0,
      "std": 0.0
    },
    "edge_cases": {
      "mean": 75.0,
      "std": 0.0
    },
    "ambiguous": {
      "mean": 80.0,
      "std": 0.0
    },
    "write": {
      "mean": 100.0,
      "std": 0.0
    },
    "complex": {
      "mean": 50.0,
      "std": 0.0
    }
  },
  "individual_runs": [
    {
      "run_id": 1,
      "total_tests": 120,
      "passed_tests": 100,
      "intent_accuracy": 85.83333333333333,
      "parameter_accuracy": 91.66666666666666,
      "response_quality": 98.33333333333333,
      "avg_latency_ms": 14795.379517475763,
      "p50_latency_ms": 11583.248734474182,
      "p95_latency_ms": 40931.128537654855,
      "p99_latency_ms": 54953.29945325852,
      "latency_decomposition": {
        "llm_inference_ms": 11890.116952233395,
        "embedding_ms": 0.0,
        "vector_search_ms": 2.90887638673944,
        "rados_io_ms": 1.6867851806899248,
        "response_format_ms": 0.001089047577421544,
        "total_ms": 14687.89463528132,
        "other_ms": 2793.180932432919
      },
      "category_results": {
        "search": {
          "total": 15,
          "passed": 11,
          "intent_correct": 13,
          "avg_latency_ms": 13624.1126537323,
          "accuracy": 73.33333333333333
        },
        "read": {
          "total": 15,
          "passed": 15,
          "intent_correct": 15,
          "avg_latency_ms": 11443.460400899252,
          "accuracy": 100.0
        },
        "write": {
          "total": 12,
          "passed": 12,
          "intent_correct": 12,
          "avg_latency_ms": 15027.729014555613,
          "accuracy": 100.0
        },
        "delete": {
          "total": 8,
          "passed": 8,
          "intent_correct": 8,
          "avg_latency_ms": 11778.256595134735,
          "accuracy": 100.0
        },
        "stats": {
          "total": 8,
          "passed": 6,
          "intent_correct": 6,
          "avg_latency_ms": 10136.301159858704,
          "accuracy": 75.0
        },
        "cluster": {
          "total": 20,
          "passed": 19,
          "intent_correct": 19,
          "avg_latency_ms": 10427.856969833374,
          "accuracy": 95.0
        },
        "documentation": {
          "total": 10,
          "passed": 7,
          "intent_correct": 8,
          "avg_latency_ms": 44811.88428401947,
          "accuracy": 70.0
        },
        "complex": {
          "total": 10,
          "passed": 5,
          "intent_correct": 5,
          "avg_latency_ms": 15141.871094703674,
          "accuracy": 50.0
        },
        "ambiguous": {
          "total": 10,
          "passed": 8,
          "intent_correct": 8,
          "avg_latency_ms": 10198.17042350769,
          "accuracy": 80.0
        },
        "edge_cases": {
          "total": 12,
          "passed": 9,
          "intent_correct": 9,
          "avg_latency_ms": 11142.19488700231,
          "accuracy": 75.0
        }
      }
    }
  ]
}