{
  "num_runs": 1,
  "model": "llama3.2",
  "intent_accuracy_mean": 71.66666666666667,
  "intent_accuracy_std": 0.0,
  "parameter_accuracy_mean": 85.83333333333333,
  "parameter_accuracy_std": 0.0,
  "response_quality_mean": 98.33333333333333,
  "response_quality_std": 0.0,
  "avg_latency_mean": 2513.257094224294,
  "avg_latency_std": 0.0,
  "p50_latency_mean": 2164.913773536682,
  "p50_latency_std": 0.0,
  "p95_latency_mean": 4903.405570983886,
  "p95_latency_std": 0.0,
  "p99_latency_mean": 6255.20501613617,
  "p99_latency_std": 0.0,
  "latency_decomposition_mean": {
    "vector_search_ms": 1.3477701251789675,
    "total_ms": 2469.9952036647474,
    "rados_io_ms": 1.9879785634703555,
    "embedding_ms": 0.0,
    "response_format_ms": 0.0009637767985715705,
    "llm_inference_ms": 1961.2278372554456,
    "other_ms": 505.43065394385394
  },
  "latency_decomposition_std": {
    "vector_search_ms": 0.0,
    "total_ms": 0.0,
    "rados_io_ms": 0.0,
    "embedding_ms": 0.0,
    "response_format_ms": 0.0,
    "llm_inference_ms": 0.0,
    "other_ms": 0.0
  },
  "category_accuracies": {
    "write": {
      "mean": 83.33333333333334,
      "std": 0.0
    },
    "edge_cases": {
      "mean": 58.333333333333336,
      "std": 0.0
    },
    "ambiguous": {
      "mean": 80.0,
      "std": 0.0
    },
    "stats": {
      "mean": 62.5,
      "std": 0.0
    },
    "cluster": {
      "mean": 95.0,
      "std": 0.0
    },
    "documentation": {
      "mean": 20.0,
      "std": 0.0
    },
    "complex": {
      "mean": 40.0,
      "std": 0.0
    },
    "search": {
      "mean": 40.0,
      "std": 0.0
    },
    "read": {
      "mean": 93.33333333333333,
      "std": 0.0
    },
    "delete": {
      "mean": 100.0,
      "std": 0.0
    }
  },
  "individual_runs": [
    {
      "run_id": 1,
      "total_tests": 120,
      "passed_tests": 83,
      "intent_accuracy": 71.66666666666667,
      "parameter_accuracy": 85.83333333333333,
      "response_quality": 98.33333333333333,
      "avg_latency_ms": 2513.257094224294,
      "p50_latency_ms": 2164.913773536682,
      "p95_latency_ms": 4903.405570983886,
      "p99_latency_ms": 6255.20501613617,
      "latency_decomposition": {
        "llm_inference_ms": 1961.2278372554456,
        "embedding_ms": 0.0,
        "vector_search_ms": 1.3477701251789675,
        "rados_io_ms": 1.9879785634703555,
        "response_format_ms": 0.0009637767985715705,
        "total_ms": 2469.9952036647474,
        "other_ms": 505.43065394385394
      },
      "category_results": {
        "search": {
          "total": 15,
          "passed": 6,
          "intent_correct": 8,
          "avg_latency_ms": 2360.593922932943,
          "accuracy": 40.0
        },
        "read": {
          "total": 15,
          "passed": 14,
          "intent_correct": 15,
          "avg_latency_ms": 1933.3120822906494,
          "accuracy": 93.33333333333333
        },
        "write": {
          "total": 12,
          "passed": 10,
          "intent_correct": 10,
          "avg_latency_ms": 2246.1071610450745,
          "accuracy": 83.33333333333334
        },
        "delete": {
          "total": 8,
          "passed": 8,
          "intent_correct": 8,
          "avg_latency_ms": 1744.443029165268,
          "accuracy": 100.0
        },
        "stats": {
          "total": 8,
          "passed": 5,
          "intent_correct": 5,
          "avg_latency_ms": 2117.5636053085327,
          "accuracy": 62.5
        },
        "cluster": {
          "total": 20,
          "passed": 19,
          "intent_correct": 19,
          "avg_latency_ms": 2278.8581132888794,
          "accuracy": 95.0
        },
        "documentation": {
          "total": 10,
          "passed": 2,
          "intent_correct": 2,
          "avg_latency_ms": 6001.909255981445,
          "accuracy": 20.0
        },
        "complex": {
          "total": 10,
          "passed": 4,
          "intent_correct": 4,
          "avg_latency_ms": 2908.4206581115723,
          "accuracy": 40.0
        },
        "ambiguous": {
          "total": 10,
          "passed": 8,
          "intent_correct": 8,
          "avg_latency_ms": 1971.7952251434326,
          "accuracy": 80.0
        },
        "edge_cases": {
          "total": 12,
          "passed": 7,
          "intent_correct": 7,
          "avg_latency_ms": 2077.8757135073342,
          "accuracy": 58.333333333333336
        }
      }
    }
  ]
}