{
  "num_runs": 1,
  "model": "llama3.2",
  "intent_accuracy_mean": 71.66666666666667,
  "intent_accuracy_std": 0.0,
  "parameter_accuracy_mean": 85.83333333333333,
  "parameter_accuracy_std": 0.0,
  "response_quality_mean": 98.33333333333333,
  "response_quality_std": 0.0,
  "avg_latency_mean": 2437.161338329315,
  "avg_latency_std": 0.0,
  "p50_latency_mean": 2147.5982666015625,
  "p50_latency_std": 0.0,
  "p95_latency_mean": 5114.942312240601,
  "p95_latency_std": 0.0,
  "p99_latency_mean": 6377.173364162446,
  "p99_latency_std": 0.0,
  "latency_decomposition_mean": {
    "response_format_ms": 0.0012890767242948887,
    "total_ms": 2389.762454113718,
    "embedding_ms": 0.0,
    "rados_io_ms": 1.9715579889588437,
    "other_ms": 394.694993051432,
    "llm_inference_ms": 1990.2629832089958,
    "vector_search_ms": 2.831630787606967
  },
  "latency_decomposition_std": {
    "response_format_ms": 0.0,
    "total_ms": 0.0,
    "embedding_ms": 0.0,
    "rados_io_ms": 0.0,
    "other_ms": 0.0,
    "llm_inference_ms": 0.0,
    "vector_search_ms": 0.0
  },
  "category_accuracies": {
    "write": {
      "mean": 83.33333333333334,
      "std": 0.0
    },
    "stats": {
      "mean": 62.5,
      "std": 0.0
    },
    "complex": {
      "mean": 40.0,
      "std": 0.0
    },
    "search": {
      "mean": 40.0,
      "std": 0.0
    },
    "ambiguous": {
      "mean": 80.0,
      "std": 0.0
    },
    "delete": {
      "mean": 100.0,
      "std": 0.0
    },
    "documentation": {
      "mean": 20.0,
      "std": 0.0
    },
    "edge_cases": {
      "mean": 58.333333333333336,
      "std": 0.0
    },
    "read": {
      "mean": 93.33333333333333,
      "std": 0.0
    },
    "cluster": {
      "mean": 95.0,
      "std": 0.0
    }
  },
  "individual_runs": [
    {
      "run_id": 1,
      "total_tests": 120,
      "passed_tests": 83,
      "intent_accuracy": 71.66666666666667,
      "parameter_accuracy": 85.83333333333333,
      "response_quality": 98.33333333333333,
      "avg_latency_ms": 2437.161338329315,
      "p50_latency_ms": 2147.5982666015625,
      "p95_latency_ms": 5114.942312240601,
      "p99_latency_ms": 6377.173364162446,
      "latency_decomposition": {
        "llm_inference_ms": 1990.2629832089958,
        "embedding_ms": 0.0,
        "vector_search_ms": 2.831630787606967,
        "rados_io_ms": 1.9715579889588437,
        "response_format_ms": 0.0012890767242948887,
        "total_ms": 2389.762454113718,
        "other_ms": 394.694993051432
      },
      "category_results": {
        "search": {
          "total": 15,
          "passed": 6,
          "intent_correct": 8,
          "avg_latency_ms": 2644.2793369293213,
          "accuracy": 40.0
        },
        "read": {
          "total": 15,
          "passed": 14,
          "intent_correct": 15,
          "avg_latency_ms": 1934.3518892923992,
          "accuracy": 93.33333333333333
        },
        "write": {
          "total": 12,
          "passed": 10,
          "intent_correct": 10,
          "avg_latency_ms": 2166.940530141195,
          "accuracy": 83.33333333333334
        },
        "delete": {
          "total": 8,
          "passed": 8,
          "intent_correct": 8,
          "avg_latency_ms": 1722.3110795021057,
          "accuracy": 100.0
        },
        "stats": {
          "total": 8,
          "passed": 5,
          "intent_correct": 5,
          "avg_latency_ms": 1952.5103271007538,
          "accuracy": 62.5
        },
        "cluster": {
          "total": 20,
          "passed": 19,
          "intent_correct": 19,
          "avg_latency_ms": 2303.742575645447,
          "accuracy": 95.0
        },
        "documentation": {
          "total": 10,
          "passed": 2,
          "intent_correct": 2,
          "avg_latency_ms": 4785.205912590027,
          "accuracy": 20.0
        },
        "complex": {
          "total": 10,
          "passed": 4,
          "intent_correct": 4,
          "avg_latency_ms": 2859.619188308716,
          "accuracy": 40.0
        },
        "ambiguous": {
          "total": 10,
          "passed": 8,
          "intent_correct": 8,
          "avg_latency_ms": 2105.836868286133,
          "accuracy": 80.0
        },
        "edge_cases": {
          "total": 12,
          "passed": 7,
          "intent_correct": 7,
          "avg_latency_ms": 2066.380282243093,
          "accuracy": 58.333333333333336
        }
      }
    }
  ]
}