{
  "num_runs": 1,
  "model": "gemma2:27b",
  "intent_accuracy_mean": 78.33333333333333,
  "intent_accuracy_std": 0.0,
  "parameter_accuracy_mean": 88.33333333333333,
  "parameter_accuracy_std": 0.0,
  "response_quality_mean": 98.33333333333333,
  "response_quality_std": 0.0,
  "avg_latency_mean": 5866.2076234817505,
  "avg_latency_std": 0.0,
  "p50_latency_mean": 4944.236993789673,
  "p50_latency_std": 0.0,
  "p95_latency_mean": 12319.309759140015,
  "p95_latency_std": 0.0,
  "p99_latency_mean": 14549.817168712618,
  "p99_latency_std": 0.0,
  "latency_decomposition_mean": {
    "vector_search_ms": 3.0672812865952315,
    "embedding_ms": 0.0,
    "total_ms": 5815.05341651076,
    "other_ms": 730.0361435292134,
    "llm_inference_ms": 5080.085427074109,
    "rados_io_ms": 1.8629967156103102,
    "response_format_ms": 0.0015679052320577331
  },
  "latency_decomposition_std": {
    "vector_search_ms": 0.0,
    "embedding_ms": 0.0,
    "total_ms": 0.0,
    "other_ms": 0.0,
    "llm_inference_ms": 0.0,
    "rados_io_ms": 0.0,
    "response_format_ms": 0.0
  },
  "category_accuracies": {
    "complex": {
      "mean": 40.0,
      "std": 0.0
    },
    "write": {
      "mean": 100.0,
      "std": 0.0
    },
    "cluster": {
      "mean": 95.0,
      "std": 0.0
    },
    "edge_cases": {
      "mean": 75.0,
      "std": 0.0
    },
    "delete": {
      "mean": 100.0,
      "std": 0.0
    },
    "read": {
      "mean": 93.33333333333333,
      "std": 0.0
    },
    "documentation": {
      "mean": 20.0,
      "std": 0.0
    },
    "search": {
      "mean": 60.0,
      "std": 0.0
    },
    "stats": {
      "mean": 75.0,
      "std": 0.0
    },
    "ambiguous": {
      "mean": 80.0,
      "std": 0.0
    }
  },
  "individual_runs": [
    {
      "run_id": 1,
      "total_tests": 120,
      "passed_tests": 91,
      "intent_accuracy": 78.33333333333333,
      "parameter_accuracy": 88.33333333333333,
      "response_quality": 98.33333333333333,
      "avg_latency_ms": 5866.2076234817505,
      "p50_latency_ms": 4944.236993789673,
      "p95_latency_ms": 12319.309759140015,
      "p99_latency_ms": 14549.817168712618,
      "latency_decomposition": {
        "llm_inference_ms": 5080.085427074109,
        "embedding_ms": 0.0,
        "vector_search_ms": 3.0672812865952315,
        "rados_io_ms": 1.8629967156103102,
        "response_format_ms": 0.0015679052320577331,
        "total_ms": 5815.05341651076,
        "other_ms": 730.0361435292134
      },
      "category_results": {
        "search": {
          "total": 15,
          "passed": 9,
          "intent_correct": 11,
          "avg_latency_ms": 7046.689605712891,
          "accuracy": 60.0
        },
        "read": {
          "total": 15,
          "passed": 14,
          "intent_correct": 15,
          "avg_latency_ms": 4621.559842427571,
          "accuracy": 93.33333333333333
        },
        "write": {
          "total": 12,
          "passed": 12,
          "intent_correct": 12,
          "avg_latency_ms": 6422.470470269521,
          "accuracy": 100.0
        },
        "delete": {
          "total": 8,
          "passed": 8,
          "intent_correct": 8,
          "avg_latency_ms": 4868.138313293457,
          "accuracy": 100.0
        },
        "stats": {
          "total": 8,
          "passed": 6,
          "intent_correct": 6,
          "avg_latency_ms": 4047.523021697998,
          "accuracy": 75.0
        },
        "cluster": {
          "total": 20,
          "passed": 19,
          "intent_correct": 19,
          "avg_latency_ms": 5144.042873382568,
          "accuracy": 95.0
        },
        "documentation": {
          "total": 10,
          "passed": 2,
          "intent_correct": 2,
          "avg_latency_ms": 11874.207973480225,
          "accuracy": 20.0
        },
        "complex": {
          "total": 10,
          "passed": 4,
          "intent_correct": 4,
          "avg_latency_ms": 6773.249673843384,
          "accuracy": 40.0
        },
        "ambiguous": {
          "total": 10,
          "passed": 8,
          "intent_correct": 8,
          "avg_latency_ms": 3768.30518245697,
          "accuracy": 80.0
        },
        "edge_cases": {
          "total": 12,
          "passed": 9,
          "intent_correct": 9,
          "avg_latency_ms": 4457.31258392334,
          "accuracy": 75.0
        }
      }
    }
  ]
}