{
  "num_runs": 1,
  "model": "llama3.1:8b-instruct-fp16",
  "intent_accuracy_mean": 80.0,
  "intent_accuracy_std": 0.0,
  "parameter_accuracy_mean": 88.33333333333333,
  "parameter_accuracy_std": 0.0,
  "response_quality_mean": 98.33333333333333,
  "response_quality_std": 0.0,
  "avg_latency_mean": 3493.606702486674,
  "avg_latency_std": 0.0,
  "p50_latency_mean": 2991.5692806243896,
  "p50_latency_std": 0.0,
  "p95_latency_mean": 7628.264570236202,
  "p95_latency_std": 0.0,
  "p99_latency_mean": 10458.30290794373,
  "p99_latency_std": 0.0,
  "latency_decomposition_mean": {
    "rados_io_ms": 1.5388464523574052,
    "llm_inference_ms": 2814.49305405051,
    "response_format_ms": 0.0014628394175384004,
    "total_ms": 3428.6908133555266,
    "vector_search_ms": 3.0583325078931907,
    "embedding_ms": 0.0,
    "other_ms": 609.5991175053482
  },
  "latency_decomposition_std": {
    "rados_io_ms": 0.0,
    "llm_inference_ms": 0.0,
    "response_format_ms": 0.0,
    "total_ms": 0.0,
    "vector_search_ms": 0.0,
    "embedding_ms": 0.0,
    "other_ms": 0.0
  },
  "category_accuracies": {
    "read": {
      "mean": 86.66666666666667,
      "std": 0.0
    },
    "edge_cases": {
      "mean": 66.66666666666666,
      "std": 0.0
    },
    "complex": {
      "mean": 60.0,
      "std": 0.0
    },
    "delete": {
      "mean": 100.0,
      "std": 0.0
    },
    "documentation": {
      "mean": 20.0,
      "std": 0.0
    },
    "search": {
      "mean": 60.0,
      "std": 0.0
    },
    "cluster": {
      "mean": 95.0,
      "std": 0.0
    },
    "ambiguous": {
      "mean": 80.0,
      "std": 0.0
    },
    "stats": {
      "mean": 100.0,
      "std": 0.0
    },
    "write": {
      "mean": 100.0,
      "std": 0.0
    }
  },
  "individual_runs": [
    {
      "run_id": 1,
      "total_tests": 120,
      "passed_tests": 93,
      "intent_accuracy": 80.0,
      "parameter_accuracy": 88.33333333333333,
      "response_quality": 98.33333333333333,
      "avg_latency_ms": 3493.606702486674,
      "p50_latency_ms": 2991.5692806243896,
      "p95_latency_ms": 7628.264570236202,
      "p99_latency_ms": 10458.30290794373,
      "latency_decomposition": {
        "llm_inference_ms": 2814.49305405051,
        "embedding_ms": 0.0,
        "vector_search_ms": 3.0583325078931907,
        "rados_io_ms": 1.5388464523574052,
        "response_format_ms": 0.0014628394175384004,
        "total_ms": 3428.6908133555266,
        "other_ms": 609.5991175053482
      },
      "category_results": {
        "search": {
          "total": 15,
          "passed": 9,
          "intent_correct": 11,
          "avg_latency_ms": 3366.9023195902505,
          "accuracy": 60.0
        },
        "read": {
          "total": 15,
          "passed": 13,
          "intent_correct": 14,
          "avg_latency_ms": 2754.066483179728,
          "accuracy": 86.66666666666667
        },
        "write": {
          "total": 12,
          "passed": 12,
          "intent_correct": 12,
          "avg_latency_ms": 3456.74333969752,
          "accuracy": 100.0
        },
        "delete": {
          "total": 8,
          "passed": 8,
          "intent_correct": 8,
          "avg_latency_ms": 2598.7830460071564,
          "accuracy": 100.0
        },
        "stats": {
          "total": 8,
          "passed": 8,
          "intent_correct": 8,
          "avg_latency_ms": 2574.171096086502,
          "accuracy": 100.0
        },
        "cluster": {
          "total": 20,
          "passed": 19,
          "intent_correct": 19,
          "avg_latency_ms": 3041.041398048401,
          "accuracy": 95.0
        },
        "documentation": {
          "total": 10,
          "passed": 2,
          "intent_correct": 2,
          "avg_latency_ms": 8519.111847877502,
          "accuracy": 20.0
        },
        "complex": {
          "total": 10,
          "passed": 6,
          "intent_correct": 6,
          "avg_latency_ms": 4171.876955032349,
          "accuracy": 60.0
        },
        "ambiguous": {
          "total": 10,
          "passed": 8,
          "intent_correct": 8,
          "avg_latency_ms": 2275.5178928375244,
          "accuracy": 80.0
        },
        "edge_cases": {
          "total": 12,
          "passed": 8,
          "intent_correct": 8,
          "avg_latency_ms": 2838.98534377416,
          "accuracy": 66.66666666666666
        }
      }
    }
  ]
}