{
  "num_runs": 1,
  "model": "qwen2.5:32b",
  "intent_accuracy_mean": 85.83333333333333,
  "intent_accuracy_std": 0.0,
  "parameter_accuracy_mean": 92.5,
  "parameter_accuracy_std": 0.0,
  "response_quality_mean": 98.33333333333333,
  "response_quality_std": 0.0,
  "avg_latency_mean": 13857.228978474936,
  "avg_latency_std": 0.0,
  "p50_latency_mean": 10898.601055145264,
  "p50_latency_std": 0.0,
  "p95_latency_mean": 37945.88603973388,
  "p95_latency_std": 0.0,
  "p99_latency_mean": 54093.78112077714,
  "p99_latency_std": 0.0,
  "latency_decomposition_mean": {
    "vector_search_ms": 1.00622944912668,
    "embedding_ms": 0.0,
    "rados_io_ms": 1.6617653733592923,
    "llm_inference_ms": 11064.68160879814,
    "other_ms": 2693.0665606159273,
    "total_ms": 13760.417481600229,
    "response_format_ms": 0.001317363674357786
  },
  "latency_decomposition_std": {
    "vector_search_ms": 0.0,
    "embedding_ms": 0.0,
    "rados_io_ms": 0.0,
    "llm_inference_ms": 0.0,
    "other_ms": 0.0,
    "total_ms": 0.0,
    "response_format_ms": 0.0
  },
  "category_accuracies": {
    "ambiguous": {
      "mean": 80.0,
      "std": 0.0
    },
    "documentation": {
      "mean": 60.0,
      "std": 0.0
    },
    "stats": {
      "mean": 75.0,
      "std": 0.0
    },
    "search": {
      "mean": 73.33333333333333,
      "std": 0.0
    },
    "edge_cases": {
      "mean": 75.0,
      "std": 0.0
    },
    "cluster": {
      "mean": 95.0,
      "std": 0.0
    },
    "write": {
      "mean": 100.0,
      "std": 0.0
    },
    "read": {
      "mean": 100.0,
      "std": 0.0
    },
    "complex": {
      "mean": 60.0,
      "std": 0.0
    },
    "delete": {
      "mean": 100.0,
      "std": 0.0
    }
  },
  "individual_runs": [
    {
      "run_id": 1,
      "total_tests": 120,
      "passed_tests": 100,
      "intent_accuracy": 85.83333333333333,
      "parameter_accuracy": 92.5,
      "response_quality": 98.33333333333333,
      "avg_latency_ms": 13857.228978474936,
      "p50_latency_ms": 10898.601055145264,
      "p95_latency_ms": 37945.88603973388,
      "p99_latency_ms": 54093.78112077714,
      "latency_decomposition": {
        "llm_inference_ms": 11064.68160879814,
        "embedding_ms": 0.0,
        "vector_search_ms": 1.00622944912668,
        "rados_io_ms": 1.6617653733592923,
        "response_format_ms": 0.001317363674357786,
        "total_ms": 13760.417481600229,
        "other_ms": 2693.0665606159273
      },
      "category_results": {
        "search": {
          "total": 15,
          "passed": 11,
          "intent_correct": 13,
          "avg_latency_ms": 12347.187296549479,
          "accuracy": 73.33333333333333
        },
        "read": {
          "total": 15,
          "passed": 15,
          "intent_correct": 15,
          "avg_latency_ms": 10492.252858479818,
          "accuracy": 100.0
        },
        "write": {
          "total": 12,
          "passed": 12,
          "intent_correct": 12,
          "avg_latency_ms": 13749.903996785482,
          "accuracy": 100.0
        },
        "delete": {
          "total": 8,
          "passed": 8,
          "intent_correct": 8,
          "avg_latency_ms": 10615.211129188538,
          "accuracy": 100.0
        },
        "stats": {
          "total": 8,
          "passed": 6,
          "intent_correct": 6,
          "avg_latency_ms": 9257.043570280075,
          "accuracy": 75.0
        },
        "cluster": {
          "total": 20,
          "passed": 19,
          "intent_correct": 19,
          "avg_latency_ms": 10379.546916484833,
          "accuracy": 95.0
        },
        "documentation": {
          "total": 10,
          "passed": 6,
          "intent_correct": 7,
          "avg_latency_ms": 41663.443994522095,
          "accuracy": 60.0
        },
        "complex": {
          "total": 10,
          "passed": 6,
          "intent_correct": 6,
          "avg_latency_ms": 13941.234540939331,
          "accuracy": 60.0
        },
        "ambiguous": {
          "total": 10,
          "passed": 8,
          "intent_correct": 8,
          "avg_latency_ms": 9700.16553401947,
          "accuracy": 80.0
        },
        "edge_cases": {
          "total": 12,
          "passed": 9,
          "intent_correct": 9,
          "avg_latency_ms": 11304.96754248937,
          "accuracy": 75.0
        }
      }
    }
  ]
}