{
  "num_runs": 1,
  "model": "llama3.1:8b-instruct-fp16",
  "intent_accuracy_mean": 81.66666666666667,
  "intent_accuracy_std": 0.0,
  "parameter_accuracy_mean": 90.0,
  "parameter_accuracy_std": 0.0,
  "response_quality_mean": 98.33333333333333,
  "response_quality_std": 0.0,
  "avg_latency_mean": 3484.4593028227487,
  "avg_latency_std": 0.0,
  "p50_latency_mean": 2816.5444135665894,
  "p50_latency_std": 0.0,
  "p95_latency_mean": 7761.216485500332,
  "p95_latency_std": 0.0,
  "p99_latency_mean": 11972.106823921205,
  "p99_latency_std": 0.0,
  "latency_decomposition_mean": {
    "embedding_ms": 0.0,
    "llm_inference_ms": 2779.99095391419,
    "response_format_ms": 0.0016022536714198226,
    "rados_io_ms": 1.530354305849237,
    "total_ms": 3421.8142982256613,
    "vector_search_ms": 3.1157105655993447,
    "other_ms": 637.1756771863511
  },
  "latency_decomposition_std": {
    "embedding_ms": 0.0,
    "llm_inference_ms": 0.0,
    "response_format_ms": 0.0,
    "rados_io_ms": 0.0,
    "total_ms": 0.0,
    "vector_search_ms": 0.0,
    "other_ms": 0.0
  },
  "category_accuracies": {
    "cluster": {
      "mean": 95.0,
      "std": 0.0
    },
    "stats": {
      "mean": 87.5,
      "std": 0.0
    },
    "delete": {
      "mean": 100.0,
      "std": 0.0
    },
    "write": {
      "mean": 100.0,
      "std": 0.0
    },
    "search": {
      "mean": 66.66666666666666,
      "std": 0.0
    },
    "documentation": {
      "mean": 20.0,
      "std": 0.0
    },
    "read": {
      "mean": 100.0,
      "std": 0.0
    },
    "ambiguous": {
      "mean": 90.0,
      "std": 0.0
    },
    "edge_cases": {
      "mean": 66.66666666666666,
      "std": 0.0
    },
    "complex": {
      "mean": 60.0,
      "std": 0.0
    }
  },
  "individual_runs": [
    {
      "run_id": 1,
      "total_tests": 120,
      "passed_tests": 96,
      "intent_accuracy": 81.66666666666667,
      "parameter_accuracy": 90.0,
      "response_quality": 98.33333333333333,
      "avg_latency_ms": 3484.4593028227487,
      "p50_latency_ms": 2816.5444135665894,
      "p95_latency_ms": 7761.216485500332,
      "p99_latency_ms": 11972.106823921205,
      "latency_decomposition": {
        "llm_inference_ms": 2779.99095391419,
        "embedding_ms": 0.0,
        "vector_search_ms": 3.1157105655993447,
        "rados_io_ms": 1.530354305849237,
        "response_format_ms": 0.0016022536714198226,
        "total_ms": 3421.8142982256613,
        "other_ms": 637.1756771863511
      },
      "category_results": {
        "search": {
          "total": 15,
          "passed": 10,
          "intent_correct": 12,
          "avg_latency_ms": 4072.9249318440757,
          "accuracy": 66.66666666666666
        },
        "read": {
          "total": 15,
          "passed": 15,
          "intent_correct": 15,
          "avg_latency_ms": 2671.583398183187,
          "accuracy": 100.0
        },
        "write": {
          "total": 12,
          "passed": 12,
          "intent_correct": 12,
          "avg_latency_ms": 3310.7356429100037,
          "accuracy": 100.0
        },
        "delete": {
          "total": 8,
          "passed": 8,
          "intent_correct": 8,
          "avg_latency_ms": 2576.038420200348,
          "accuracy": 100.0
        },
        "stats": {
          "total": 8,
          "passed": 7,
          "intent_correct": 7,
          "avg_latency_ms": 2391.4147913455963,
          "accuracy": 87.5
        },
        "cluster": {
          "total": 20,
          "passed": 19,
          "intent_correct": 19,
          "avg_latency_ms": 2796.6697573661804,
          "accuracy": 95.0
        },
        "documentation": {
          "total": 10,
          "passed": 2,
          "intent_correct": 2,
          "avg_latency_ms": 8625.774693489075,
          "accuracy": 20.0
        },
        "complex": {
          "total": 10,
          "passed": 6,
          "intent_correct": 6,
          "avg_latency_ms": 3986.220359802246,
          "accuracy": 60.0
        },
        "ambiguous": {
          "total": 10,
          "passed": 9,
          "intent_correct": 9,
          "avg_latency_ms": 2226.9456148147583,
          "accuracy": 90.0
        },
        "edge_cases": {
          "total": 12,
          "passed": 8,
          "intent_correct": 8,
          "avg_latency_ms": 2764.686346054077,
          "accuracy": 66.66666666666666
        }
      }
    }
  ]
}